bucket,n,stage_accuracy,binary_recall_0.5
low,75,0.6666666666666666,0.8787878787878788
mid,75,0.68,1.0
high,78,0.8205128205128205,0.8387096774193549
